<?xml version="1.0" encoding="UTF-8"?>
<?xml-stylesheet type="text/xsl" href="isro.xsl"?>
<!DOCTYPE address SYSTEM "isro.dtd">

<survey>
    <isro>
        <region>Atlantic</region>
        <location>Carter</location>
        <feature-type>Seamount</feature-type>
        <rov-dives>5</rov-dives>
        <area-covered>2.78</area-covered>
        <depth-range-surveyed>200-2800</depth-range-surveyed>
        <distance-from-land>630</distance-from-land>
        <shipping-activity-proxy>0.12</shipping-activity-proxy>
        <items>12.23</items>
    </isro>
    <isro>
        <region>Atlantic</region>
        <location>Knipovich</location>
        <feature-type>Seamount</feature-type>
        <rov-dives>3</rov-dives>
        <area-covered>2.18</area-covered>
        <depth-range-surveyed>600-2800</depth-range-surveyed>
        <distance-from-land>1360</distance-from-land>
        <shipping-activity-proxy>0.23</shipping-activity-proxy>
        <items>2.29</items>
    </isro>
    <isro>
        <region>Atlantic</region>
        <location>VEMA</location>
        <feature-type>Fracture Zone</feature-type>
        <rov-dives>3</rov-dives>
        <area-covered>1.80</area-covered>
        <depth-range-surveyed>600-3000</depth-range-surveyed>
        <distance-from-land>1040</distance-from-land>
        <shipping-activity-proxy>0.07</shipping-activity-proxy>
        <items>5.56</items>
    </isro>
    <isro>
        <region>Atlantic</region>
        <location>Vayde</location>
        <feature-type>Seamount</feature-type>
        <rov-dives>3</rov-dives>
        <area-covered>3.10</area-covered>
        <depth-range-surveyed>400-2300</depth-range-surveyed>
        <distance-from-land>1170</distance-from-land>
        <shipping-activity-proxy>0.01</shipping-activity-proxy>
        <items>1.94</items>
    </isro>
    <isro>
        <region>Atlantic</region>
        <location>Gramberg</location>
        <feature-type>Seamount</feature-type>
        <rov-dives>2</rov-dives>
        <area-covered>1.70</area-covered>
        <depth-range-surveyed>900-2200</depth-range-surveyed>
        <distance-from-land>940</distance-from-land>
        <shipping-activity-proxy>0.21</shipping-activity-proxy>
        <items>0.59</items>
    </isro>
    <isro>
        <region>Indian</region>
        <location>Coral</location>
        <feature-type>Seamount</feature-type>
        <rov-dives>5</rov-dives>
        <area-covered>2.04</area-covered>
        <depth-range-surveyed>500-1500</depth-range-surveyed>
        <distance-from-land>1610</distance-from-land>
        <shipping-activity-proxy>0.01</shipping-activity-proxy>
        <items>1.47</items>
    </isro>
    <isro>
        <region>Indian</region>
        <location>Melville</location>
        <feature-type>Bank</feature-type>
        <rov-dives>4</rov-dives>
        <area-covered>1.35</area-covered>
        <depth-range-surveyed>100-1300</depth-range-surveyed>
        <distance-from-land>1440</distance-from-land>
        <shipping-activity-proxy>0.00</shipping-activity-proxy>
        <items>13.33</items>
    </isro>
    <isro>
        <region>Indian</region>
        <location>Middle of What</location>
        <feature-type>Seamount</feature-type>
        <rov-dives>3</rov-dives>
        <area-covered>0.41</area-covered>
        <depth-range-surveyed>1000-1400</depth-range-surveyed>
        <distance-from-land>1460</distance-from-land>
        <shipping-activity-proxy>0.00</shipping-activity-proxy>
        <items>2.44</items>
    </isro>
    <isro>
        <region>Indian</region>
        <location>Sapmer</location>
        <feature-type>Seamount</feature-type>
        <rov-dives>1</rov-dives>
        <area-covered>0.46</area-covered>
        <depth-range-surveyed>300-700</depth-range-surveyed>
        <distance-from-land>1390</distance-from-land>
        <shipping-activity-proxy>0.00</shipping-activity-proxy>
        <items>17.39</items>
    </isro>
    <isro>
        <region>Indian</region>
        <location>Atlantis</location>
        <feature-type>Bank</feature-type>
        <rov-dives>3</rov-dives>
        <area-covered>1.34</area-covered>
        <depth-range-surveyed>700-1200</depth-range-surveyed>
        <distance-from-land>1320</distance-from-land>
        <shipping-activity-proxy>0.10</shipping-activity-proxy>
        <items>0.75</items>
    </isro>
</survey>